MovieDirectorID,DirectorName,MovieID
101,George Lucas,1001
102,Irvin Kershner,1002
103,Richard Marquand,1003
104,Steven Spielberg,1004
105,Steven Spielberg,1005
106,George Lucas,1006
107,Joe Johnston,1007
108,Chris Columbus,1008
109,Peter Jackson,1009
110,George Lucas,1010
111,Chris Columbus,1011
112,Peter Jackson,1012
113,Peter Jackson,1013
114,Alfonso Cuar�n,1014
115,George Lucas,1015
116,Mike Newell,1016
117,David Yates,1017
118,Jon Favreau,1018
119,Louis Leterrier,1019
120,David Yates,1020
121,Jon Favreau,1021
122,David Yates,1022
123,Kenneth Branagh,1023
124,David Yates,1024
125,Joe Johnston,1025
126,Joss Whedon,1026
127,Peter Jackson,1027
128,Shane Black,1028
129,Alan Taylor,1029
130,Peter Jackson,1030
131,Anthony Russo,1031
132,Joe Russo,1031
133,James Gunn,1032
134,Peter Jackson,1033
135,Joss Whedon,1034
136,Colin Trevorrow,1035
137,Peyton Reed,1036
138,J. J. Abrams,1037
139,Anthony Russo,1038
140,Joe Russo,1038
141,Scott Derrickson,1039
142,Gareth Edwards,1040
143,James Gunn,1041
144,Jon Watts,1042
145,Taika Waititi,1043
146,Rian Johnson,1044
147,Ryan Coogler,1045
148,Anthony Russo,1046
149,Joe Russo,1046
150,Ron Howard,1047
151,J. A. Bayona,1048
152,Peyton Reed,1049
153,Ryan Fleck,1050
154,Anna Boden,1050
155,Anthony Russo,1051
156,Joe Russo,1051
157,Jon Watts,1052
158,J. J. Abrams,1053
159,Cate Shorland,1054
160,Destin Daniel Cretton,1055
161,Chlo� Zhao,1056
162,Jon Watts,1057
163,Sam Raimi,1058
164,Colin Trevorrow,1059
165,Taika Waititi,1060
