MovieGenreID,MovieID,Genre
1001,1001,Action
1002,1001,Adventure
1003,1001,Sci-Fi
1004,1002,Action
1005,1002,Adventure
1006,1002,Sci-Fi
1007,1003,Action
1008,1003,Adventure
1009,1003,Sci-Fi
1010,1004,Adventure
1011,1004,Sci-Fi
1012,1005,Adventure
1013,1005,Sci-Fi
1014,1005,Action
1015,1006,Action
1016,1006,Adventure
1017,1006,Sci-Fi
1018,1007,Action
1019,1007,Adventure
1020,1007,Sci-Fi
1021,1007,Thriller
1022,1008,Adventure
1023,1008,Fantasy
1024,1009,Adventure
1025,1009,Fantasy
1026,1009,Action
1027,1010,Action
1028,1010,Adventure
1029,1010,Sci-Fi
1030,1011,Adventure
1031,1011,Fantasy
1032,1012,Adventure
1033,1012,Fantasy
1034,1012,Action
1035,1013,Adventure
1036,1013,Fantasy
1037,1013,Action
1038,1014,Adventure
1039,1014,Fantasy
1040,1015,Action
1041,1015,Adventure
1042,1015,Sci-Fi
1043,1016,Adventure
1044,1016,Fantasy
1045,1016,Family
1046,1017,Adventure
1047,1017,Fantasy
1048,1017,Mystery
1049,1018,Action
1050,1018,Adventure
1051,1018,Sci-Fi
1052,1019,Action
1053,1019,Adventure
1054,1019,Sci-Fi
1055,1020,Adventure
1056,1020,Fantasy
1057,1021,Action
1058,1021,Adventure
1059,1021,Sci-Fi
1060,1022,Adventure
1061,1022,Fantasy
1062,1023,Action
1063,1023,Adventure
1064,1023,Drama
1065,1023,Fantasy
1066,1024,Adventure
1067,1024,Fantasy
1068,1025,Action
1069,1025,Adventure
1070,1025,Sci-Fi
1071,1026,Adventure
1072,1026,Sci-Fi
1073,1026,Action
1074,1027,Adventure
1075,1027,Fantasy
1076,1027,Action
1077,1028,Action
1078,1028,Adventure
1079,1028,Sci-Fi
1080,1029,Action
1081,1029,Adventure
1082,1029,Fantasy
1083,1030,Action
1084,1030,Adventure
1085,1030,Fantasy
1086,1031,Action
1087,1031,Adventure
1088,1031,Sci-Fi
1089,1032,Action
1090,1032,Adventure
1091,1032,Sci-Fi
1092,1033,Action
1093,1033,Adventure
1094,1033,Fantasy
1095,1034,Action
1096,1034,Adventure
1097,1034,Sci-Fi
1098,1035,Action
1099,1035,Adventure
1100,1035,Sci-Fi
1101,1035,Thriller
1102,1036,Action
1103,1036,Adventure
1104,1036,Sci-Fi
1105,1037,Action
1106,1037,Adventure
1107,1037,Fantasy
1108,1037,Sci-Fi
1109,1038,Action
1110,1038,Adventure
1111,1038,Sci-Fi
1112,1039,Adventure
1113,1039,Fantasy
1114,1039,Action
1115,1040,Action
1116,1040,Adventure
1117,1040,Sci-Fi
1118,1041,Action
1119,1041,Adventure
1120,1041,Sci-Fi
1121,1042,Adventure
1122,1042,Sci-Fi
1123,1042,Action
1124,1042,Drama
1125,1043,Action
1126,1043,Adventure
1127,1043,Sci-Fi
1128,1043,Fantasy
1129,1043,Comedy
1130,1044,Adventure
1131,1044,Sci-Fi
1132,1044,Action
1133,1045,Action
1134,1045,Adventure
1135,1045,Sci-Fi
1136,1046,Adventure
1137,1046,Sci-Fi
1138,1046,Action
1139,1047,Action
1140,1047,Adventure
1141,1047,Sci-Fi
1142,1048,Action
1143,1048,Adventure
1144,1048,Sci-Fi
1145,1048,Thriller
1146,1049,Action
1147,1049,Adventure
1148,1049,Sci-Fi
1149,1050,Action
1150,1050,Adventure
1151,1050,Sci-Fi
1152,1051,Adventure
1153,1051,Sci-Fi
1154,1051,Action
1155,1052,Adventure
1156,1052,Sci-Fi
1157,1052,Action
1158,1053,Adventure
1159,1053,Sci-Fi
1160,1053,Action
1161,1054,Action
1162,1054,Adventure
1163,1054,Sci-Fi
1164,1055,Action
1165,1055,Adventure
1166,1055,Fantasy
1167,1056,Adventure
1168,1056,Sci-Fi
1169,1056,Action
1170,1057,Adventure
1171,1057,Sci-Fi
1172,1057,Action
1173,1058,Action
1174,1058,Adventure
1175,1058,Fantasy
1176,1059,Action
1177,1059,Adventure
1178,1059,Sci-Fi
1179,1060,Fantasy
1180,1060,Action
1181,1060,Comedy
