MovieID,Title,Lifetime Gross,Year,Studio,Rating,Runtime,Budget,ReleaseDate,VoteAvg,VoteCount,FranchiseID
1001,Star Wars: Episode IV - A New Hope," $775,398,007.00 ",1977,Lucasfilm,PG,121," $11,000,000.00 ",25/5/1977,4.09,96233,101
1002,Star Wars: Episode V - The Empire Strikes Back," $538,375,067.00 ",1980,Lucasfilm,PG,124," $18,000,000.00 ",20/6/1980,4.12,79231,101
1003,Star Wars: Episode VI - Return of the Jedi," $475,106,177.00 ",1983,Lucasfilm,PG,135," $32,500,000.00 ",25/5/1983,3.98,76082,101
1004,Jurassic Park," $1,109,802,321.00 ",1993,Universal Pictures,PG-13,127," $63,000,000.00 ",11/6/1993,3.69,82700,102
1005,The Lost World: Jurassic Park," $618,638,999.00 ",1997,Universal Pictures,PG-13,129," $73,000,000.00 ",23/5/1997,3.01,19721,102
1006,Star Wars: Episode I - The Phantom Menace," $1,027,082,707.00 ",1999,Lucasfilm,PG,136," $115,000,000.00 ",19/5/1999,3.08,40945,101
1007,Jurassic Park III," $368,780,809.00 ",2001,Universal Pictures,PG-13,92," $93,000,000.00 ",18/7/2001,2.73,11927,102
1008,Harry Potter and the Sorcerer's Stone," $1,022,290,019.00 ",2001,Warner Bros.,PG,152," $125,000,000.00 ",16/11/2001,3.69,35511,103
1009,The Lord of the Rings: The Fellowship of the Ring," $898,094,742.00 ",2001,WingNut Films,PG-13,179," $93,000,000.00 ",18/12/2001,4.1,78562,104
1010,Star Wars: Episode II - Attack of the Clones," $653,779,970.00 ",2002,Lucasfilm,PG,142," $120,000,000.00 ",15/5/2002,3.03,28066,101
1011,Harry Potter and the Chamber of Secrets," $879,928,511.00 ",2002,Warner Bros.,PG,161," $100,000,000.00 ",13/11/2002,3.65,30421,103
1012,The Lord of the Rings: The Two Towers," $947,896,241.00 ",2002,WingNut Films,PG-13,179," $79,000,000.00 ",18/12/2002,4.08,72396,104
1013,The Lord of the Rings: The Return of the King," $1,146,436,214.00 ",2003,WingNut Films,PG-13,201," $94,000,000.00 ",1/12/2003,4.11,74190,104
1014,Harry Potter and the Prisoner of Azkaban," $797,660,766.00 ",2004,Warner Bros.,PG,141," $130,000,000.00 ",31/5/2004,3.82,31820,103
1015,Star Wars: Episode III - Revenge of the Sith," $868,390,560.00 ",2005,Lucasfilm,PG-13,140," $113,000,000.00 ",17/5/2005,3.39,25110,101
1016,Harry Potter and the Goblet of Fire," $896,730,264.00 ",2005,Warner Bros.,PG-13,157," $150,000,000.00 ",5/11/2005,3.77,26589,103
1017,Harry Potter and the Order of the Phoenix," $942,201,710.00 ",2007,Warner Bros.,PG-13,138," $150,000,000.00 ",28/6/2007,3.76,21355,103
1018,Iron Man," $585,796,247.00 ",2008,Marvel Studios,PG-13,126," $140,000,000.00 ",30/4/2008,3.83,37533,105
1019,The Incredible Hulk," $264,770,996.00 ",2008,Marvel Studios,PG-13,114," $150,000,000.00 ",12/6/2008,3.11,8016,105
1020,Harry Potter and the Half-Blood Prince," $934,483,039.00 ",2009,Warner Bros.,PG,153," $250,000,000.00 ",7/7/2009,3.82,21266,103
1021,Iron Man 2," $623,933,331.00 ",2010,Marvel Studios,PG-13,124," $200,000,000.00 ",28/4/2010,3.43,17381,105
1022,Harry Potter and the Deathly Hallows: Part 1," $977,070,383.00 ",2010,Warner Bros.,PG-13,146," $250,000,000.00 ",17/10/2010,3.85,21185,103
1023,Thor," $449,326,618.00 ",2011,Marvel Studios,PG-13,115," $150,000,000.00 ",21/4/2011,3.33,14629,105
1024,Harry Potter and the Deathly Hallows: Part 2," $1,342,359,942.00 ",2011,Warner Bros.,PG-13,130," $125,000,000.00 ",7/7/2011,3.9,20284,103
1025,Captain America: The First Avenger," $370,569,774.00 ",2011,Marvel Studios,PG-13,124," $140,000,000.00 ",22/7/2011,3.48,13922,105
1026,The Avengers," $1,518,815,515.00 ",2012,Marvel Studios,PG-13,143," $220,000,000.00 ",4/5/2012,3.75,26866,105
1027,The Hobbit: An Unexpected Journey," $1,017,030,651.00 ",2012,WingNut Films,PG-13,169," $250,000,000.00 ",26/11/2012,3.63,16227,104
1028,Iron Man 3," $1,214,811,252.00 ",2013,Marvel Studios,PG-13,130," $200,000,000.00 ",18/4/2013,3.47,12723,105
1029,Thor: The Dark World," $644,783,140.00 ",2013,Marvel Studios,PG-13,112," $170,000,000.00 ",29/10/2013,3.21,8243,105
1030,The Hobbit: The Desolation of Smaug," $959,027,992.00 ",2013,WingNut Films,PG-13,161," $250,000,000.00 ",11/12/2013,3.59,12225,104
1031,Captain America: The Winter Soldier," $714,421,503.00 ",2014,Marvel Studios,PG-13,136," $170,000,000.00 ",20/3/2014,3.69,13830,105
1032,Guardians of the Galaxy," $773,350,147.00 ",2014,Marvel Studios,PG-13,121," $170,000,000.00 ",30/7/2014,3.92,26648,105
1033,The Hobbit: The Battle of the Five Armies," $962,201,338.00 ",2014,WingNut Films,PG-13,144," $250,000,000.00 ",10/12/2014,3.48,8598,104
1034,Avengers: Age of Ultron," $1,402,809,540.00 ",2015,Marvel Studios,PG-13,141," $280,000,000.00 ",22/4/2015,3.5,12137,105
1035,Jurassic World," $1,671,537,444.00 ",2015,Universal Pictures,PG-13,124," $150,000,000.00 ",9/6/2015,3.28,8836,102
1036,Ant-Man," $519,311,965.00 ",2015,Marvel Studios,PG-13,117," $130,000,000.00 ",14/7/2015,3.55,10473,105
1037,Star Wars: Episode VII - The Force Awakens," $2,069,521,700.00 ",2015,Lucasfilm,PG-13,136," $306,000,000.00 ",18/12/2015,3.65,19215,101
1038,Captain America: Civil War," $1,153,337,496.00 ",2016,Marvel Studios,PG-13,147," $250,000,000.00 ",27/4/2016,3.71,10900,105
1039,Doctor Strange," $677,796,076.00 ",2016,Marvel Studios,PG-13,115," $165,000,000.00 ",4/11/2016,3.76,12081,105
1040,Rogue One: A Star Wars Story," $1,058,682,142.00 ",2016,Lucasfilm,PG-13,133," $200,000,000.00 ",14/12/2016,3.76,12351,101
1041,Guardians of the Galaxy Vol. 2," $863,756,051.00 ",2017,Marvel Studios,PG-13,137," $200,000,000.00 ",19/4/2017,3.83,12931,105
1042,Spider-Man: Homecoming," $880,166,924.00 ",2017,Marvel Studios,PG-13,133," $175,000,000.00 ",7/7/2017,3.78,8709,105
1043,Thor: Ragnarok," $853,983,879.00 ",2017,Marvel Studios,PG-13,131," $180,000,000.00 ",25/10/2017,3.91,13522,105
1044,Star Wars: Episode VIII - The Last Jedi," $1,332,698,830.00 ",2017,Lucasfilm,PG-13,152," $317,000,000.00 ",15/12/2017,3.31,6467,101
1045,Black Panther," $1,347,597,973.00 ",2018,Marvel Studios,PG-13,135," $200,000,000.00 ",16/2/2018,3.64,8454,105
1046,Avengers: Infinity War," $2,048,359,754.00 ",2018,Marvel Studios,PG-13,156," $300,000,000.00 ",27/4/2018,3.93,15145,105
1047,Solo: A Star Wars Story," $392,924,807.00 ",2018,Lucasfilm,PG-13,135," $275,000,000.00 ",25/5/2018,3.31,3531,101
1048,Jurassic World: Fallen Kingdom," $1,310,466,296.00 ",2018,Universal Pictures,PG-13,129," $170,000,000.00 ",22/6/2018,2.94,1970,102
1049,Ant-Man and the Wasp," $622,674,139.00 ",2018,Marvel Studios,PG-13,119," $162,000,000.00 ",6/7/2018,3.49,4481,105
1050,Captain Marvel," $1,128,462,972.00 ",2019,Marvel Studios,PG-13,124," $160,000,000.00 ",8/3/2019,3.29,3956,105
1051,Avengers: Endgame," $2,797,501,328.00 ",2019,Marvel Studios,PG-13,181," $400,000,000.00 ",26/4/2019,3.91,11841,105
1052,Spider-Man: Far from Home," $1,131,927,996.00 ",2019,Marvel Studios,PG-13,129," $160,000,000.00 ",2/7/2019,3.71,5288,105
1053,Star Wars: Episode IX - The Rise of Skywalker," $1,074,149,279.00 ",2019,Lucasfilm,PG-13,142," $275,000,000.00 ",20/12/2019,2.91,2780,101
1054,Black Widow," $379,751,655.00 ",2021,Marvel Studios,PG-13,134," $200,000,000.00 ",9/7/2021,3.22,1309,105
1055,Shang-Chi and the Legend of the Ten Rings," $432,243,292.00 ",2021,Marvel Studios,PG-13,132," $200,000,000.00 ",3/9/2021,3.52,1397,105
1056,Eternals," $402,064,899.00 ",2021,Marvel Studios,PG-13,155," $200,000,000.00 ",5/11/2021,2.96,741,105
1057,Spider-Man: No Way Home," $1,915,877,753.00 ",2021,Marvel Studios,PG-13,148," $200,000,000.00 ",17/12/2021,3.85,2990,105
1058,Doctor Strange in the Multiverse of Madness," $955,775,804.00 ",2022,Marvel Studios,PG-13,126," $200,000,000.00 ",6/5/2022,3.26,761,105
1059,Jurassic World Dominion," $997,782,460.00 ",2022,Universal Pictures,PG-13,147," $165,000,000.00 ",10/6/2022,2.64,238,102
1060,Thor: Love and Thunder," $758,661,016.00 ",2022,Marvel Studios,PG-13,119," $250,000,000.00 ",8/7/2022,3.15,397,105
